epoch,time,train/box_loss,train/cls_loss,train/dfl_loss,metrics/precision(B),metrics/recall(B),metrics/mAP50(B),metrics/mAP50-95(B),val/box_loss,val/cls_loss,val/dfl_loss,lr/pg0,lr/pg1,lr/pg2
1,9.74637,3.28984,6.4995,2.42127,0,0,0,0,3.1374,5.80275,2.34475,0.00016,0.00016,0.00016
2,12.9284,2.88541,4.51443,1.98048,0.01324,0.25,0.00994,0.00352,2.32806,9.27817,1.70629,0.000339987,0.000339987,0.000339987
3,30.2943,2.55591,4.42646,1.93274,0.00252,0.58333,0.00318,0.00086,2.32175,60.0427,1.72082,0.000519918,0.000519918,0.000519918
4,40.7615,2.64912,7.2353,1.69541,0.03462,0.83333,0.03067,0.01085,2.52239,131.088,3.07152,0.000699753,0.000699753,0.000699753
5,45.9815,2.41416,7.15645,1.72654,0.0025,0.75,0.00339,0.00121,2.48632,292.274,2.84119,0.000879447,0.000879447,0.000879447
6,49.1212,2.34429,3.28098,1.62153,0,0,0,0,nan,nan,nan,0.00105896,0.00105896,0.00105896
7,52.3339,2.4082,3.17937,1.82746,0,0,0,0,nan,nan,nan,0.00123825,0.00123825,0.00123825
8,61.5563,2.34157,3.83273,1.82735,0,0,0,0,nan,nan,nan,0.00141727,0.00141727,0.00141727
9,66.9828,2.47615,2.67058,1.70415,0,0,0,0,nan,nan,nan,0.00159598,0.00159598,0.00159598
10,69.3362,2.66019,2.80777,1.73024,0,0,0,0,nan,nan,nan,0.00177434,0.00177434,0.00177434
11,78.9088,2.3718,3.32202,1.91809,0,0,0,0,nan,nan,nan,0.00195231,0.00195231,0.00195231
12,96.8757,2.73423,3.21373,2.07848,0,0,0,0,nan,nan,nan,0.00199051,0.00199051,0.00199051
13,107.847,2.35458,2.346,1.73016,0,0,0,0,nan,nan,nan,0.00198871,0.00198871,0.00198871
14,110.694,2.63802,2.40447,1.85018,0,0,0,0,nan,nan,nan,0.00198675,0.00198675,0.00198675
15,130.838,2.33049,2.25219,1.69503,0,0,0,0,nan,nan,nan,0.00198464,0.00198464,0.00198464
16,138.978,2.33821,2.07262,1.55195,0,0,0,0,nan,nan,nan,0.00198238,0.00198238,0.00198238
17,142.66,2.62916,2.18486,1.67684,0,0,0,0,nan,nan,nan,0.00197996,0.00197996,0.00197996
18,155.398,2.31291,2.07737,1.6541,0,0,0,0,nan,nan,nan,0.00197738,0.00197738,0.00197738
19,162.634,2.30072,1.95392,1.60008,0,0,0,0,nan,nan,nan,0.00197465,0.00197465,0.00197465
20,167.568,2.16991,1.70522,1.54146,0,0,0,0,nan,nan,nan,0.00197177,0.00197177,0.00197177
21,177.126,2.1177,2.03657,1.5602,0,0,0,0,nan,nan,nan,0.00196874,0.00196874,0.00196874
22,190.34,2.04837,1.92053,1.7147,0,0,0,0,nan,nan,nan,0.00196555,0.00196555,0.00196555
23,192.915,2.12047,1.7099,1.47278,0.47777,0.41667,0.43465,0.15571,2.30795,2.97906,1.86287,0.00196222,0.00196222,0.00196222
24,205.356,1.9655,1.82882,1.5809,0.39604,0.25,0.2935,0.11951,2.18776,5.96969,1.74592,0.00195873,0.00195873,0.00195873
25,218.251,2.02976,1.81816,1.47609,0.2052,0.33333,0.24033,0.1139,2.22281,9.91336,1.84515,0.00195509,0.00195509,0.00195509
26,228.448,1.73615,1.58022,1.40127,0.33874,0.41667,0.38922,0.14191,2.26681,6.60307,1.87774,0.0019513,0.0019513,0.0019513
27,233.327,1.79505,1.50058,1.40233,0.61573,0.75,0.62923,0.15808,2.29023,2.72314,1.80566,0.00194736,0.00194736,0.00194736
28,240.596,2.10313,1.79072,1.50314,0.40964,0.5,0.4529,0.12477,2.4807,2.75472,1.98304,0.00194328,0.00194328,0.00194328
29,245.494,1.76291,1.73363,1.43787,0.54189,0.5,0.49209,0.17392,2.1119,2.34495,1.69831,0.00193904,0.00193904,0.00193904
30,247.98,1.91648,1.38573,1.30546,0.5467,0.5,0.47455,0.18715,2.27206,2.25817,1.84563,0.00193466,0.00193466,0.00193466
31,262.893,1.76387,1.59334,1.34173,0.61075,0.41667,0.43354,0.22648,2.26368,2.10207,1.83109,0.00193013,0.00193013,0.00193013
32,271.525,1.78042,1.41541,1.32006,0.53779,0.58188,0.41419,0.14337,2.34406,1.98112,1.9068,0.00192545,0.00192545,0.00192545
33,284.399,1.79651,1.54321,1.45915,0.25549,0.66667,0.21006,0.06207,2.73906,2.30652,2.28099,0.00192063,0.00192063,0.00192063
34,286.92,1.99427,1.62385,1.30881,0.41752,0.5,0.40004,0.15369,2.38203,1.87513,1.89775,0.00191566,0.00191566,0.00191566
35,299.689,1.84502,1.77336,1.53307,0.50126,0.58333,0.53313,0.2061,2.10867,1.84023,1.70011,0.00191056,0.00191056,0.00191056
36,313.746,1.67071,1.58898,1.40597,0.61379,0.58333,0.63098,0.24721,1.95632,1.76331,1.61463,0.0019053,0.0019053,0.0019053
37,316.661,1.79843,1.52958,1.30488,0.82481,0.66667,0.624,0.26952,1.87194,1.76775,1.53748,0.00189991,0.00189991,0.00189991
38,323.459,1.8006,1.50383,1.30408,0.43396,0.58333,0.36814,0.15783,1.84277,2.19321,1.56495,0.00189437,0.00189437,0.00189437
39,326.152,1.78485,1.67865,1.39984,0.42984,0.66667,0.34252,0.14928,2.2755,2.20894,1.80998,0.0018887,0.0018887,0.0018887
40,328.722,1.55673,1.43748,1.25726,0.25217,0.66667,0.19515,0.08061,2.18126,2.29091,1.87495,0.00188288,0.00188288,0.00188288
41,331.345,1.68883,1.47017,1.36552,0.41083,0.69824,0.37985,0.13909,2.20407,1.9206,1.83541,0.00187693,0.00187693,0.00187693
42,333.808,1.8016,1.73701,1.37123,0.56907,0.75,0.67538,0.25055,2.07695,1.50948,1.70592,0.00187083,0.00187083,0.00187083
43,343.341,1.59489,1.45875,1.2463,0.56255,0.58333,0.48574,0.21719,2.14442,1.77706,1.70013,0.0018646,0.0018646,0.0018646
44,346.298,1.69231,1.46143,1.39871,0.37133,0.54262,0.29847,0.12656,2.19371,1.94656,1.78236,0.00185824,0.00185824,0.00185824
45,351.09,1.69913,1.37986,1.33568,0.6618,0.58333,0.47873,0.17852,2.25747,1.73223,1.86247,0.00185174,0.00185174,0.00185174
46,353.501,1.71749,1.41723,1.27235,0.66229,0.58333,0.58117,0.1698,2.34766,1.86331,1.94587,0.00184511,0.00184511,0.00184511
47,364.152,1.64575,1.4761,1.32066,0.56648,0.58333,0.56145,0.20161,2.33913,1.61013,1.86358,0.00183834,0.00183834,0.00183834
48,368.159,1.664,1.36541,1.26018,0.78951,0.62732,0.60643,0.18393,2.24444,1.62002,1.79905,0.00183144,0.00183144,0.00183144
49,384.976,1.47535,1.39314,1.32221,0.85243,0.66667,0.64935,0.27475,2.22253,1.56087,1.78376,0.00182441,0.00182441,0.00182441
50,402.2,1.45143,1.31058,1.25711,0.65099,0.66667,0.60643,0.20328,2.09492,1.50878,1.75442,0.00181726,0.00181726,0.00181726
51,411.402,1.63547,1.30794,1.30987,0.38725,0.5,0.31037,0.10955,2.46401,2.0585,2.07092,0.00180997,0.00180997,0.00180997
52,416.719,1.57614,1.33205,1.255,0.58821,0.58333,0.55405,0.18703,2.25856,1.75774,1.85472,0.00180256,0.00180256,0.00180256
53,418.932,1.61729,1.32496,1.20997,0.58554,0.66667,0.52911,0.14375,2.31415,1.77531,1.98379,0.00179502,0.00179502,0.00179502
54,440.956,1.6006,1.40332,1.37217,0.19318,0.5,0.16276,0.03006,2.80112,2.31845,2.66253,0.00178736,0.00178736,0.00178736
55,454.163,1.5672,1.45947,1.35546,0.45401,0.5,0.30366,0.06767,2.43699,2.17354,2.09704,0.00177957,0.00177957,0.00177957
56,462.368,1.73836,1.50945,1.32239,0.67079,0.58333,0.45836,0.11819,2.16593,2.07712,1.80616,0.00177166,0.00177166,0.00177166
57,468.488,1.558,1.36515,1.28682,0.79869,0.58333,0.62396,0.22116,2.17607,2.05569,1.77452,0.00176363,0.00176363,0.00176363
58,477.338,1.59842,1.43196,1.29393,0.79186,0.66667,0.65234,0.32327,1.94813,1.80463,1.58852,0.00175548,0.00175548,0.00175548
59,486.108,1.49315,1.21629,1.19285,0.67159,0.75,0.65559,0.18863,2.22572,1.91754,1.83001,0.00174721,0.00174721,0.00174721
60,494.471,1.53337,1.30996,1.26809,0.58903,0.66667,0.63083,0.17094,2.28513,1.93035,1.85845,0.00173883,0.00173883,0.00173883
61,504.661,1.69261,1.41693,1.40107,0.54178,0.59173,0.61268,0.1609,2.16442,1.76525,1.81711,0.00173032,0.00173032,0.00173032
62,519.093,1.56359,1.27827,1.28082,0.5283,0.58333,0.41767,0.14923,2.1866,1.67997,1.79069,0.00172171,0.00172171,0.00172171
63,538.309,1.48814,1.34088,1.3981,0.61517,0.53477,0.60912,0.26443,2.10901,1.48094,1.75293,0.00171298,0.00171298,0.00171298
64,543.118,1.5364,1.15997,1.22575,0.66565,0.66386,0.72158,0.3144,2.25473,1.45724,1.81234,0.00170414,0.00170414,0.00170414
65,551.278,1.52427,1.2737,1.21194,0.77227,0.5668,0.6474,0.27172,2.35666,1.41416,1.89306,0.00169519,0.00169519,0.00169519
66,557.734,1.52332,1.29788,1.29956,0.6614,0.5,0.66625,0.2647,2.36005,1.49697,1.95987,0.00168612,0.00168612,0.00168612
67,577.325,1.54961,1.23635,1.33604,0.81978,0.66667,0.80344,0.32981,1.94329,1.48749,1.61318,0.00167696,0.00167696,0.00167696
68,581.35,1.42064,1.10684,1.14387,0.84018,0.83333,0.85204,0.38344,1.80078,1.40092,1.4684,0.00166768,0.00166768,0.00166768
69,584.073,1.50089,1.12543,1.16742,0.87368,0.83333,0.94841,0.37258,1.88833,1.30759,1.54454,0.0016583,0.0016583,0.0016583
70,586.219,1.45147,1.17363,1.1801,0.69708,0.83333,0.81511,0.24548,2.20685,1.38304,1.87912,0.00164882,0.00164882,0.00164882
71,591.383,1.48546,1.09614,1.15589,0.82272,0.66667,0.79548,0.33116,2.17739,1.30617,1.79018,0.00163924,0.00163924,0.00163924
72,597.613,1.59539,1.17866,1.22399,0.90555,0.75,0.90805,0.38751,1.99322,1.13455,1.63073,0.00162955,0.00162955,0.00162955
73,600.387,1.6178,1.30226,1.31899,0.83675,0.85551,0.8979,0.39127,1.97418,1.15479,1.65553,0.00161977,0.00161977,0.00161977
74,612.563,1.60631,1.18098,1.34463,0.88076,0.83333,0.89667,0.25051,2.09578,1.45649,1.777,0.00160989,0.00160989,0.00160989
75,617.963,1.48972,1.02738,1.20478,0.73651,0.83333,0.8105,0.32248,2.17746,1.252,1.79092,0.00159992,0.00159992,0.00159992
76,620.548,1.59976,1.20193,1.26544,0.8913,0.75,0.89944,0.25789,2.19324,1.43182,1.76361,0.00158985,0.00158985,0.00158985
77,627.174,1.56486,1.16891,1.26282,0.87924,0.75,0.85648,0.29991,2.08644,1.46406,1.71389,0.00157968,0.00157968,0.00157968
78,637.187,1.40922,1.11859,1.27322,0.89123,0.75,0.84678,0.33479,1.92001,1.43751,1.60532,0.00156943,0.00156943,0.00156943
79,654.053,1.33482,1.06628,1.26554,0.81051,0.75,0.80632,0.34046,1.95639,1.34909,1.66264,0.00155909,0.00155909,0.00155909
80,657.52,1.38556,1.06401,1.17719,0.81779,0.74822,0.79348,0.37636,1.98449,1.33367,1.6481,0.00154866,0.00154866,0.00154866
81,663.798,1.45403,1.16771,1.26793,0.81018,0.75,0.76229,0.3069,2.13635,1.39889,1.73285,0.00153815,0.00153815,0.00153815
82,666.554,1.32509,1.02368,1.12999,0.74116,0.75,0.74394,0.31607,2.12105,1.40133,1.71599,0.00152755,0.00152755,0.00152755
83,682.96,1.4301,1.24017,1.20823,0.8994,0.75,0.75053,0.3423,1.90314,1.27675,1.6143,0.00151687,0.00151687,0.00151687
84,695.046,1.36055,1.07145,1.18849,0.89803,0.75,0.75843,0.3189,1.97179,1.25845,1.63128,0.00150611,0.00150611,0.00150611
85,703.28,1.37389,1.11413,1.21471,0.89924,0.74432,0.79392,0.39265,1.84382,1.14476,1.51715,0.00149526,0.00149526,0.00149526
86,711.141,1.45104,1.06079,1.18286,1,0.82918,0.91025,0.34605,2.09887,1.25163,1.70527,0.00148434,0.00148434,0.00148434
87,716.875,1.45036,1.13822,1.31898,0.79816,0.65977,0.72268,0.24805,2.31815,1.40552,1.90094,0.00147335,0.00147335,0.00147335
88,723.767,1.36985,0.99078,1.18632,0.82089,0.83333,0.81684,0.27871,2.3345,1.29128,1.92465,0.00146228,0.00146228,0.00146228
89,726.236,1.51002,1.02722,1.26941,0.88446,0.83333,0.78467,0.25141,2.45333,1.36847,2.06683,0.00145114,0.00145114,0.00145114
90,739.894,1.44227,1.1134,1.37812,0.88289,0.83333,0.8024,0.31179,2.23967,1.2073,1.86438,0.00143993,0.00143993,0.00143993
91,748.881,1.45969,1.07242,1.26113,0.44851,0.5,0.44096,0.12814,2.69627,1.79511,2.24925,0.00142865,0.00142865,0.00142865
92,753.93,1.37893,1.07194,1.16109,0.73146,0.58333,0.66579,0.23458,2.33894,1.53466,1.93452,0.0014173,0.0014173,0.0014173
93,770.166,1.35255,1.08283,1.28066,0.85568,0.66667,0.73821,0.29023,2.01483,1.36774,1.66184,0.00140589,0.00140589,0.00140589
94,783.224,1.393,1.04106,1.20856,0.81208,0.66667,0.72744,0.36217,1.77071,1.26905,1.47002,0.00139442,0.00139442,0.00139442
95,793.232,1.44608,1.01859,1.17224,0.7486,0.83333,0.79441,0.39927,1.79356,1.24063,1.50193,0.00138288,0.00138288,0.00138288
96,798.407,1.4338,0.96024,1.11694,0.96193,0.75,0.89137,0.43307,1.76001,1.22475,1.45333,0.00137128,0.00137128,0.00137128
97,812.435,1.29021,0.95824,1.17661,0.96925,0.75,0.86596,0.31567,2.00528,1.37035,1.64066,0.00135963,0.00135963,0.00135963
98,821.73,1.33353,1.00452,1.20618,0.60255,0.58333,0.58675,0.18962,2.30088,1.67185,1.97059,0.00134792,0.00134792,0.00134792
99,824.396,1.53054,1.01069,1.23784,0.88202,0.75,0.79312,0.3311,1.92356,1.34557,1.5719,0.00133616,0.00133616,0.00133616
100,827.225,1.42002,1.05258,1.22339,0.95309,0.75,0.81152,0.3082,2.05896,1.46404,1.64254,0.00132434,0.00132434,0.00132434
101,836.681,1.5277,0.96775,1.15185,0.79971,0.75,0.80248,0.29511,2.05423,1.45322,1.67602,0.00131247,0.00131247,0.00131247
102,854.928,1.43683,1.00463,1.29398,0.67269,0.75,0.72953,0.29015,2.13454,1.39244,1.76385,0.00130056,0.00130056,0.00130056
103,873.904,1.30733,1.02108,1.2186,0.81483,0.75,0.79446,0.28352,2.23171,1.38538,1.85087,0.00128859,0.00128859,0.00128859
104,880.269,1.33413,1.03699,1.23073,0.86734,0.75,0.80492,0.27209,2.36602,1.50792,2.02637,0.00127659,0.00127659,0.00127659
105,888.257,1.54873,0.94865,1.11179,0.86088,0.75,0.79685,0.31239,2.16305,1.32226,1.81367,0.00126454,0.00126454,0.00126454
106,898.238,1.44503,1.09332,1.27397,0.87681,0.75,0.82773,0.35319,1.91203,1.31469,1.62205,0.00125245,0.00125245,0.00125245
107,909.894,1.40827,0.98274,1.27624,0.69055,1,0.89374,0.31367,2.06465,1.32333,1.83353,0.00124032,0.00124032,0.00124032
108,912.122,1.48868,0.99083,1.11161,0.66152,1,0.83119,0.23765,2.16781,1.37894,1.89391,0.00122815,0.00122815,0.00122815
109,914.824,1.40017,1.03311,1.20657,0.76668,0.82227,0.79199,0.31394,1.98681,1.43893,1.71261,0.00121595,0.00121595,0.00121595
110,919.499,1.44175,1.02097,1.1869,0.89975,0.74814,0.76133,0.34066,1.92649,1.34337,1.64345,0.00120371,0.00120371,0.00120371
111,922.664,1.39138,1.08294,1.22057,0.87427,0.75,0.80344,0.34505,1.90026,1.27188,1.66753,0.00119144,0.00119144,0.00119144
112,925.099,1.42432,0.97469,1.14152,0.86236,0.75,0.80038,0.3125,2.05625,1.4088,1.79733,0.00117915,0.00117915,0.00117915
113,929.265,1.4656,1.06836,1.20644,0.86995,0.75,0.77099,0.26118,2.15373,1.3964,1.83563,0.00116682,0.00116682,0.00116682
114,932.741,1.32534,0.99556,1.20056,0.78472,0.75,0.65364,0.2657,2.19598,1.43115,1.84539,0.00115447,0.00115447,0.00115447
115,940.429,1.42693,1.20768,1.41323,0.97382,0.83333,0.91491,0.25456,2.24938,1.37891,1.89316,0.0011421,0.0011421,0.0011421
116,945.961,1.48047,1.12862,1.15608,0.66766,0.66667,0.65996,0.14568,2.50534,1.58869,2.11866,0.00112971,0.00112971,0.00112971
117,948.784,1.39873,1.05332,1.19219,0.50044,0.58444,0.53396,0.13506,2.49667,1.58259,2.14594,0.00111729,0.00111729,0.00111729
118,963.141,1.39993,1.08923,1.26776,0.8973,0.72974,0.78554,0.21871,2.19268,1.51954,1.86051,0.00110486,0.00110486,0.00110486
119,965.736,1.36812,1.05872,1.15671,0.86546,0.66667,0.71249,0.30658,1.95319,1.39516,1.61986,0.00109241,0.00109241,0.00109241
120,972.47,1.4345,1.18852,1.23872,0.88847,0.66416,0.69893,0.37981,1.83634,1.35542,1.54044,0.00107995,0.00107995,0.00107995
121,985.853,1.66984,1.31337,1.35468,0.96959,0.75,0.81134,0.38526,1.8764,1.28958,1.53655,0.00106748,0.00106748,0.00106748
122,991.652,1.41939,1.06184,1.12677,0.95124,0.75,0.86378,0.39061,1.91477,1.24194,1.56605,0.00105499,0.00105499,0.00105499
123,1005.1,1.3221,1.196,1.24902,0.89934,0.74503,0.80293,0.24249,2.15915,1.53873,1.83281,0.0010425,0.0010425,0.0010425
124,1016.03,1.5861,1.15025,1.26983,0.7137,0.66667,0.68301,0.21682,2.36777,1.5553,1.99217,0.00103,0.00103,0.00103
125,1031.85,1.32419,0.98794,1.18592,0.81801,0.74919,0.77917,0.25272,2.20441,1.42278,1.86747,0.0010175,0.0010175,0.0010175
126,1039.89,1.30879,0.92824,1.15363,0.81366,0.72929,0.77371,0.30275,1.93017,1.27056,1.62911,0.001005,0.001005,0.001005
127,1042.28,1.31814,0.99021,1.09957,0.90837,0.82673,0.90968,0.39842,1.80585,1.1392,1.54181,0.000992497,0.000992497,0.000992497
128,1053.45,1.40243,1.0874,1.23882,0.84454,0.90619,0.92118,0.36771,1.90182,1.18601,1.61985,0.000979996,0.000979996,0.000979996
129,1063.96,1.47382,1.02515,1.16394,0.79578,0.65085,0.78839,0.28332,2.15858,1.40963,1.83128,0.000967498,0.000967498,0.000967498
130,1077.05,1.34498,1.01075,1.15732,0.73353,0.68962,0.7814,0.2478,2.27403,1.46342,1.91131,0.000955007,0.000955007,0.000955007
131,1086.99,1.30446,0.99131,1.20338,0.89752,0.73141,0.77494,0.31279,2.06441,1.3227,1.71708,0.000942523,0.000942523,0.000942523
132,1094.11,1.36203,1.08793,1.20783,0.83819,0.66667,0.73384,0.31072,1.87771,1.26691,1.57487,0.00093005,0.00093005,0.00093005
133,1102.57,1.25129,0.89106,1.11254,0.89662,0.72462,0.8364,0.38738,1.79582,1.34269,1.52563,0.000917588,0.000917588,0.000917588
134,1105.61,1.28933,0.94227,1.073,0.90139,0.76278,0.91934,0.38108,1.89502,1.33084,1.60338,0.00090514,0.00090514,0.00090514
135,1120.01,1.2887,1.05311,1.26931,1,0.88154,0.95056,0.30655,2.06054,1.2751,1.75015,0.000892708,0.000892708,0.000892708
136,1131.83,1.42979,1.07143,1.22521,0.6854,0.75,0.74855,0.2218,2.36927,1.36111,2.04814,0.000880293,0.000880293,0.000880293
